contract_id,deal_id,lead_id,status,contract_terms,negotiation_points,objections,proposed_solutions,signed_date,contract_value,last_updated,review_status
1,DEAL-1,201,Negotiating,Standard SaaS Agreement - $0 ACV,,,,,0,2026-02-06 12:21:06,Pending
2,DEAL-1,201,Negotiating,Standard SaaS Agreement - $0 ACV,,Looks interesting but need to get team buy-in first. What's your implementation process?,"OBJECTION HANDLING STRATEGY

Certainly, I understand the importance of team buy-in. At CloudScale, we recognize that any significant change requires alignment and support from all stakeholders. Our implementation process is well-documented and proven effective across multiple industries. We typically start with a detailed discovery phase where we collaborate closely to understand your specific needs and goals. This includes a comprehensive analysis report that showcases how our solutions can directly address your challenges and drive measurable ROI. Following this, we present a clear roadmap detailing key milestones, resources required, and expected outcomes. To ensure full team involvement, we also offer tailored training sessions and regular update meetings. Would you be open to scheduling an initial consultation where we can delve deeper into these steps and see how CloudScale can meet your organization's unique requirements? This way, everyone on your team will have a chance to voice their thoughts and concerns, ensuring a smoother adoption process.

FRAMEWORKS APPLIED:
- General: Discovery: Ask probing questions to understand root cause

RECOMMENDED NEXT STEPS:
1. Schedule follow-up call to address concerns in detail
2. Provide relevant case studies from similar Industry companies
3. Offer proof-of-concept or pilot program",,0,2026-02-06 14:18:02,Auto-Approved
3,DEAL-1,201,Negotiating,Standard SaaS Agreement - $0 ACV,,Looks interesting but need to get team buy-in first. What's your implementation process?,"OBJECTION HANDLING STRATEGY

First, I will acknowledge the team buy-in concern and express understanding. Then, I'll provide data-driven insights on how our implementation process has successfully addressed similar concerns for other clients. Finally, I will offer concrete next steps to involve their team in the decision-making process, ensuring they are well-prepared and informed.

FRAMEWORKS APPLIED:
- General: Discovery: Ask probing questions to understand root cause

RECOMMENDED NEXT STEPS:
1. Schedule follow-up call to address concerns in detail
2. Provide relevant case studies from similar Industry companies
3. Offer proof-of-concept or pilot program",,0,2026-02-06 14:46:17,Auto-Approved
4,DEAL-5,201,Negotiating,Standard SaaS Agreement - $0 ACV,,Looks interesting but need to get team buy-in first. What's your implementation process?,"OBJECTION HANDLING STRATEGY

Certainly, I understand your concern about team buy-in. At CloudScale, we recognize that any significant change requires alignment across various stakeholders. Here’s how our implementation process typically works and why it aligns well with your organization's needs. First, let me acknowledge the importance of securing team support. We can start by conducting a detailed proof-of-concept (PoC) to showcase real-world benefits. This will help us demonstrate tangible value and gather internal support. Our implementation team will work closely with your key personnel to ensure a smooth transition. Next steps include setting up a kickoff meeting, followed by regular check-ins and progress updates to keep everyone informed. We are committed to working collaboratively to secure buy-in and ensure a successful outcome.

FRAMEWORKS APPLIED:
- General: Discovery: Ask probing questions to understand root cause

RECOMMENDED NEXT STEPS:
1. Schedule follow-up call to address concerns in detail
2. Provide relevant case studies from similar Industry companies
3. Offer proof-of-concept or pilot program",,0,2026-02-06 14:46:52,Auto-Approved
5,DEAL-1,201,Negotiating,Standard SaaS Agreement - $0 ACV,,Looks interesting but need to get team buy-in first. What's your implementation process?,"OBJECTION HANDLING STRATEGY

Certainly, I understand the importance of gaining team buy-in before making such a significant investment. At CloudScale, we have a structured implementation process that has been tested and proven effective across multiple industries. Here’s how it works: First, we conduct an initial discovery phase to fully understand your current processes and pain points. This step is crucial as it allows us to tailor our solution specifically to meet your needs, ensuring maximum ROI. Following this, we present a detailed implementation plan that includes timelines, key milestones, and expected outcomes. Our team will also provide regular updates and support throughout the process to ensure smooth integration. Would you like to schedule a call with one of our experts to discuss this in more detail? We can even offer a free consultation session to help gain internal buy-in from your team.

FRAMEWORKS APPLIED:
- General: Discovery: Ask probing questions to understand root cause

RECOMMENDED NEXT STEPS:
1. Schedule follow-up call to address concerns in detail
2. Provide relevant case studies from similar Industry companies
3. Offer proof-of-concept or pilot program",,0,2026-02-08 15:16:51,Auto-Approved
